"","date","value","source"
"1",1871-01-01,6.35,3
"2",1871-02-01,6.35,3
"3",1871-03-01,6.35,3
"4",1871-04-01,6.35,3
"5",1871-05-01,6.35,3
"6",1871-06-01,6.35,3
"7",1871-07-01,6.35,3
"8",1871-08-01,6.35,3
"9",1871-09-01,6.35,3
"10",1871-10-01,6.35,3
"11",1871-11-01,6.35,3
"12",1871-12-01,6.35,3
"13",1872-01-01,7.81,3
"14",1872-02-01,7.81,3
"15",1872-03-01,7.81,3
"16",1872-04-01,7.81,3
"17",1872-05-01,7.81,3
"18",1872-06-01,7.81,3
"19",1872-07-01,7.81,3
"20",1872-08-01,7.81,3
"21",1872-09-01,7.81,3
"22",1872-10-01,7.81,3
"23",1872-11-01,7.81,3
"24",1872-12-01,7.81,3
"25",1873-01-01,8.35,3
"26",1873-02-01,8.35,3
"27",1873-03-01,8.35,3
"28",1873-04-01,8.35,3
"29",1873-05-01,8.35,3
"30",1873-06-01,8.35,3
"31",1873-07-01,8.35,3
"32",1873-08-01,8.35,3
"33",1873-09-01,8.35,3
"34",1873-10-01,8.35,3
"35",1873-11-01,8.35,3
"36",1873-12-01,8.35,3
"37",1874-01-01,6.86,3
"38",1874-02-01,6.86,3
"39",1874-03-01,6.86,3
"40",1874-04-01,6.86,3
"41",1874-05-01,6.86,3
"42",1874-06-01,6.86,3
"43",1874-07-01,6.86,3
"44",1874-08-01,6.86,3
"45",1874-09-01,6.86,3
"46",1874-10-01,6.86,3
"47",1874-11-01,6.86,3
"48",1874-12-01,6.86,3
"49",1875-01-01,4.96,3
"50",1875-02-01,4.96,3
"51",1875-03-01,4.96,3
"52",1875-04-01,4.96,3
"53",1875-05-01,4.96,3
"54",1875-06-01,4.96,3
"55",1875-07-01,4.96,3
"56",1875-08-01,4.96,3
"57",1875-09-01,4.96,3
"58",1875-10-01,4.96,3
"59",1875-11-01,4.96,3
"60",1875-12-01,4.96,3
"61",1876-01-01,5.33,3
"62",1876-02-01,5.33,3
"63",1876-03-01,5.33,3
"64",1876-04-01,5.33,3
"65",1876-05-01,5.33,3
"66",1876-06-01,5.33,3
"67",1876-07-01,5.33,3
"68",1876-08-01,5.33,3
"69",1876-09-01,5.33,3
"70",1876-10-01,5.33,3
"71",1876-11-01,5.33,3
"72",1876-12-01,5.33,3
"73",1877-01-01,5.03,3
"74",1877-02-01,5.03,3
"75",1877-03-01,5.03,3
"76",1877-04-01,5.03,3
"77",1877-05-01,5.03,3
"78",1877-06-01,5.03,3
"79",1877-07-01,5.03,3
"80",1877-08-01,5.03,3
"81",1877-09-01,5.03,3
"82",1877-10-01,5.03,3
"83",1877-11-01,5.03,3
"84",1877-12-01,5.03,3
"85",1878-01-01,4.9,3
"86",1878-02-01,4.9,3
"87",1878-03-01,4.9,3
"88",1878-04-01,4.9,3
"89",1878-05-01,4.9,3
"90",1878-06-01,4.9,3
"91",1878-07-01,4.9,3
"92",1878-08-01,4.9,3
"93",1878-09-01,4.9,3
"94",1878-10-01,4.9,3
"95",1878-11-01,4.9,3
"96",1878-12-01,4.9,3
"97",1879-01-01,4.25,3
"98",1879-02-01,4.25,3
"99",1879-03-01,4.25,3
"100",1879-04-01,4.25,3
"101",1879-05-01,4.25,3
"102",1879-06-01,4.25,3
"103",1879-07-01,4.25,3
"104",1879-08-01,4.25,3
"105",1879-09-01,4.25,3
"106",1879-10-01,4.25,3
"107",1879-11-01,4.25,3
"108",1879-12-01,4.25,3
"109",1880-01-01,5.1,3
"110",1880-02-01,5.1,3
"111",1880-03-01,5.1,3
"112",1880-04-01,5.1,3
"113",1880-05-01,5.1,3
"114",1880-06-01,5.1,3
"115",1880-07-01,5.1,3
"116",1880-08-01,5.1,3
"117",1880-09-01,5.1,3
"118",1880-10-01,5.1,3
"119",1880-11-01,5.1,3
"120",1880-12-01,5.1,3
"121",1881-01-01,4.79,3
"122",1881-02-01,4.79,3
"123",1881-03-01,4.79,3
"124",1881-04-01,4.79,3
"125",1881-05-01,4.79,3
"126",1881-06-01,4.79,3
"127",1881-07-01,4.79,3
"128",1881-08-01,4.79,3
"129",1881-09-01,4.79,3
"130",1881-10-01,4.79,3
"131",1881-11-01,4.79,3
"132",1881-12-01,4.79,3
"133",1882-01-01,5.26,3
"134",1882-02-01,5.26,3
"135",1882-03-01,5.26,3
"136",1882-04-01,5.26,3
"137",1882-05-01,5.26,3
"138",1882-06-01,5.26,3
"139",1882-07-01,5.26,3
"140",1882-08-01,5.26,3
"141",1882-09-01,5.26,3
"142",1882-10-01,5.26,3
"143",1882-11-01,5.26,3
"144",1882-12-01,5.26,3
"145",1883-01-01,5.35,3
"146",1883-02-01,5.35,3
"147",1883-03-01,5.35,3
"148",1883-04-01,5.35,3
"149",1883-05-01,5.35,3
"150",1883-06-01,5.35,3
"151",1883-07-01,5.35,3
"152",1883-08-01,5.35,3
"153",1883-09-01,5.35,3
"154",1883-10-01,5.35,3
"155",1883-11-01,5.35,3
"156",1883-12-01,5.35,3
"157",1884-01-01,5.65,3
"158",1884-02-01,5.65,3
"159",1884-03-01,5.65,3
"160",1884-04-01,5.65,3
"161",1884-05-01,5.65,3
"162",1884-06-01,5.65,3
"163",1884-07-01,5.65,3
"164",1884-08-01,5.65,3
"165",1884-09-01,5.65,3
"166",1884-10-01,5.65,3
"167",1884-11-01,5.65,3
"168",1884-12-01,5.65,3
"169",1885-01-01,4.22,3
"170",1885-02-01,4.22,3
"171",1885-03-01,4.22,3
"172",1885-04-01,4.22,3
"173",1885-05-01,4.22,3
"174",1885-06-01,4.22,3
"175",1885-07-01,4.22,3
"176",1885-08-01,4.22,3
"177",1885-09-01,4.22,3
"178",1885-10-01,4.22,3
"179",1885-11-01,4.22,3
"180",1885-12-01,4.22,3
"181",1886-01-01,4.26,3
"182",1886-02-01,4.26,3
"183",1886-03-01,4.26,3
"184",1886-04-01,4.26,3
"185",1886-05-01,4.26,3
"186",1886-06-01,4.26,3
"187",1886-07-01,4.26,3
"188",1886-08-01,4.26,3
"189",1886-09-01,4.26,3
"190",1886-10-01,4.26,3
"191",1886-11-01,4.26,3
"192",1886-12-01,4.26,3
"193",1887-01-01,6.11,3
"194",1887-02-01,6.11,3
"195",1887-03-01,6.11,3
"196",1887-04-01,6.11,3
"197",1887-05-01,6.11,3
"198",1887-06-01,6.11,3
"199",1887-07-01,6.11,3
"200",1887-08-01,6.11,3
"201",1887-09-01,6.11,3
"202",1887-10-01,6.11,3
"203",1887-11-01,6.11,3
"204",1887-12-01,6.11,3
"205",1888-01-01,5.02,3
"206",1888-02-01,5.02,3
"207",1888-03-01,5.02,3
"208",1888-04-01,5.02,3
"209",1888-05-01,5.02,3
"210",1888-06-01,5.02,3
"211",1888-07-01,5.02,3
"212",1888-08-01,5.02,3
"213",1888-09-01,5.02,3
"214",1888-10-01,5.02,3
"215",1888-11-01,5.02,3
"216",1888-12-01,5.02,3
"217",1889-01-01,4.68,3
"218",1889-02-01,4.68,3
"219",1889-03-01,4.68,3
"220",1889-04-01,4.68,3
"221",1889-05-01,4.68,3
"222",1889-06-01,4.68,3
"223",1889-07-01,4.68,3
"224",1889-08-01,4.68,3
"225",1889-09-01,4.68,3
"226",1889-10-01,4.68,3
"227",1889-11-01,4.68,3
"228",1889-12-01,4.68,3
"229",1890-01-01,5.41,3
"230",1890-02-01,5.41,3
"231",1890-03-01,5.41,3
"232",1890-04-01,5.41,3
"233",1890-05-01,5.41,3
"234",1890-06-01,5.41,3
"235",1890-07-01,5.41,3
"236",1890-08-01,5.41,3
"237",1890-09-01,5.41,3
"238",1890-10-01,5.41,3
"239",1890-11-01,5.41,3
"240",1890-12-01,5.41,3
"241",1891-01-01,5.97,3
"242",1891-02-01,5.97,3
"243",1891-03-01,5.97,3
"244",1891-04-01,5.97,3
"245",1891-05-01,5.97,3
"246",1891-06-01,5.97,3
"247",1891-07-01,5.97,3
"248",1891-08-01,5.97,3
"249",1891-09-01,5.97,3
"250",1891-10-01,5.97,3
"251",1891-11-01,5.97,3
"252",1891-12-01,5.97,3
"253",1892-01-01,3.93,3
"254",1892-02-01,3.93,3
"255",1892-03-01,3.93,3
"256",1892-04-01,3.93,3
"257",1892-05-01,3.93,3
"258",1892-06-01,3.93,3
"259",1892-07-01,3.93,3
"260",1892-08-01,3.93,3
"261",1892-09-01,3.93,3
"262",1892-10-01,3.93,3
"263",1892-11-01,3.93,3
"264",1892-12-01,3.93,3
"265",1893-01-01,8.52,3
"266",1893-02-01,8.52,3
"267",1893-03-01,8.52,3
"268",1893-04-01,8.52,3
"269",1893-05-01,8.52,3
"270",1893-06-01,8.52,3
"271",1893-07-01,8.52,3
"272",1893-08-01,8.52,3
"273",1893-09-01,8.52,3
"274",1893-10-01,8.52,3
"275",1893-11-01,8.52,3
"276",1893-12-01,8.52,3
"277",1894-01-01,3.32,3
"278",1894-02-01,3.32,3
"279",1894-03-01,3.32,3
"280",1894-04-01,3.32,3
"281",1894-05-01,3.32,3
"282",1894-06-01,3.32,3
"283",1894-07-01,3.32,3
"284",1894-08-01,3.32,3
"285",1894-09-01,3.32,3
"286",1894-10-01,3.32,3
"287",1894-11-01,3.32,3
"288",1894-12-01,3.32,3
"289",1895-01-01,3.09,3
"290",1895-02-01,3.09,3
"291",1895-03-01,3.09,3
"292",1895-04-01,3.09,3
"293",1895-05-01,3.09,3
"294",1895-06-01,3.09,3
"295",1895-07-01,3.09,3
"296",1895-08-01,3.09,3
"297",1895-09-01,3.09,3
"298",1895-10-01,3.09,3
"299",1895-11-01,3.09,3
"300",1895-12-01,3.09,3
"301",1896-01-01,5.76,3
"302",1896-02-01,5.76,3
"303",1896-03-01,5.76,3
"304",1896-04-01,5.76,3
"305",1896-05-01,5.76,3
"306",1896-06-01,5.76,3
"307",1896-07-01,5.76,3
"308",1896-08-01,5.76,3
"309",1896-09-01,5.76,3
"310",1896-10-01,5.76,3
"311",1896-11-01,5.76,3
"312",1896-12-01,5.76,3
"313",1897-01-01,3.44,3
"314",1897-02-01,3.44,3
"315",1897-03-01,3.44,3
"316",1897-04-01,3.44,3
"317",1897-05-01,3.44,3
"318",1897-06-01,3.44,3
"319",1897-07-01,3.44,3
"320",1897-08-01,3.44,3
"321",1897-09-01,3.44,3
"322",1897-10-01,3.44,3
"323",1897-11-01,3.44,3
"324",1897-12-01,3.44,3
"325",1898-01-01,3.55,3
"326",1898-02-01,3.55,3
"327",1898-03-01,3.55,3
"328",1898-04-01,3.55,3
"329",1898-05-01,3.55,3
"330",1898-06-01,3.55,3
"331",1898-07-01,3.55,3
"332",1898-08-01,3.55,3
"333",1898-09-01,3.55,3
"334",1898-10-01,3.55,3
"335",1898-11-01,3.55,3
"336",1898-12-01,3.55,3
"337",1899-01-01,3.36,3
"338",1899-02-01,3.36,3
"339",1899-03-01,3.36,3
"340",1899-04-01,3.36,3
"341",1899-05-01,3.36,3
"342",1899-06-01,3.36,3
"343",1899-07-01,3.36,3
"344",1899-08-01,3.36,3
"345",1899-09-01,3.36,3
"346",1899-10-01,3.36,3
"347",1899-11-01,3.36,3
"348",1899-12-01,3.36,3
"349",1900-01-01,4.64,3
"350",1900-02-01,4.64,3
"351",1900-03-01,4.64,3
"352",1900-04-01,4.64,3
"353",1900-05-01,4.64,3
"354",1900-06-01,4.64,3
"355",1900-07-01,4.64,3
"356",1900-08-01,4.64,3
"357",1900-09-01,4.64,3
"358",1900-10-01,4.64,3
"359",1900-11-01,4.64,3
"360",1900-12-01,4.64,3
"361",1901-01-01,4.3,3
"362",1901-02-01,4.3,3
"363",1901-03-01,4.3,3
"364",1901-04-01,4.3,3
"365",1901-05-01,4.3,3
"366",1901-06-01,4.3,3
"367",1901-07-01,4.3,3
"368",1901-08-01,4.3,3
"369",1901-09-01,4.3,3
"370",1901-10-01,4.3,3
"371",1901-11-01,4.3,3
"372",1901-12-01,4.3,3
"373",1902-01-01,4.72,3
"374",1902-02-01,4.72,3
"375",1902-03-01,4.72,3
"376",1902-04-01,4.72,3
"377",1902-05-01,4.72,3
"378",1902-06-01,4.72,3
"379",1902-07-01,4.72,3
"380",1902-08-01,4.72,3
"381",1902-09-01,4.72,3
"382",1902-10-01,4.72,3
"383",1902-11-01,4.72,3
"384",1902-12-01,4.72,3
"385",1903-01-01,5.5,3
"386",1903-02-01,5.5,3
"387",1903-03-01,5.5,3
"388",1903-04-01,5.5,3
"389",1903-05-01,5.5,3
"390",1903-06-01,5.5,3
"391",1903-07-01,5.5,3
"392",1903-08-01,5.5,3
"393",1903-09-01,5.5,3
"394",1903-10-01,5.5,3
"395",1903-11-01,5.5,3
"396",1903-12-01,5.5,3
"397",1904-01-01,4.34,3
"398",1904-02-01,4.34,3
"399",1904-03-01,4.34,3
"400",1904-04-01,4.34,3
"401",1904-05-01,4.34,3
"402",1904-06-01,4.34,3
"403",1904-07-01,4.34,3
"404",1904-08-01,4.34,3
"405",1904-09-01,4.34,3
"406",1904-10-01,4.34,3
"407",1904-11-01,4.34,3
"408",1904-12-01,4.34,3
"409",1905-01-01,4.17,3
"410",1905-02-01,4.17,3
"411",1905-03-01,4.17,3
"412",1905-04-01,4.17,3
"413",1905-05-01,4.17,3
"414",1905-06-01,4.17,3
"415",1905-07-01,4.17,3
"416",1905-08-01,4.17,3
"417",1905-09-01,4.17,3
"418",1905-10-01,4.17,3
"419",1905-11-01,4.17,3
"420",1905-12-01,4.17,3
"421",1906-01-01,5.47,3
"422",1906-02-01,5.47,3
"423",1906-03-01,5.47,3
"424",1906-04-01,5.47,3
"425",1906-05-01,5.47,3
"426",1906-06-01,5.47,3
"427",1906-07-01,5.47,3
"428",1906-08-01,5.47,3
"429",1906-09-01,5.47,3
"430",1906-10-01,5.47,3
"431",1906-11-01,5.47,3
"432",1906-12-01,5.47,3
"433",1907-01-01,6.23,3
"434",1907-02-01,6.23,3
"435",1907-03-01,6.23,3
"436",1907-04-01,6.23,3
"437",1907-05-01,6.23,3
"438",1907-06-01,6.23,3
"439",1907-07-01,6.23,3
"440",1907-08-01,6.23,3
"441",1907-09-01,6.23,3
"442",1907-10-01,6.23,3
"443",1907-11-01,6.23,3
"444",1907-12-01,6.23,3
"445",1908-01-01,5.32,3
"446",1908-02-01,5.32,3
"447",1908-03-01,5.32,3
"448",1908-04-01,5.32,3
"449",1908-05-01,5.32,3
"450",1908-06-01,5.32,3
"451",1908-07-01,5.32,3
"452",1908-08-01,5.32,3
"453",1908-09-01,5.32,3
"454",1908-10-01,5.32,3
"455",1908-11-01,5.32,3
"456",1908-12-01,5.32,3
"457",1909-01-01,3.65,3
"458",1909-02-01,3.65,3
"459",1909-03-01,3.65,3
"460",1909-04-01,3.65,3
"461",1909-05-01,3.65,3
"462",1909-06-01,3.65,3
"463",1909-07-01,3.65,3
"464",1909-08-01,3.65,3
"465",1909-09-01,3.65,3
"466",1909-10-01,3.65,3
"467",1909-11-01,3.65,3
"468",1909-12-01,3.65,3
"469",1910-01-01,5.26,3
"470",1910-02-01,5.26,3
"471",1910-03-01,5.26,3
"472",1910-04-01,5.26,3
"473",1910-05-01,5.26,3
"474",1910-06-01,5.26,3
"475",1910-07-01,5.26,3
"476",1910-08-01,5.26,3
"477",1910-09-01,5.26,3
"478",1910-10-01,5.26,3
"479",1910-11-01,5.26,3
"480",1910-12-01,5.26,3
"481",1911-01-01,4,3
"482",1911-02-01,4,3
"483",1911-03-01,4,3
"484",1911-04-01,4,3
"485",1911-05-01,4,3
"486",1911-06-01,4,3
"487",1911-07-01,4,3
"488",1911-08-01,4,3
"489",1911-09-01,4,3
"490",1911-10-01,4,3
"491",1911-11-01,4,3
"492",1911-12-01,4,3
"493",1912-01-01,4.35,3
"494",1912-02-01,4.35,3
"495",1912-03-01,4.35,3
"496",1912-04-01,4.35,3
"497",1912-05-01,4.35,3
"498",1912-06-01,4.35,3
"499",1912-07-01,4.35,3
"500",1912-08-01,4.35,3
"501",1912-09-01,4.35,3
"502",1912-10-01,4.35,3
"503",1912-11-01,4.35,3
"504",1912-12-01,4.35,3
"505",1913-01-01,5.65,3
"506",1913-02-01,5.65,3
"507",1913-03-01,5.65,3
"508",1913-04-01,5.65,3
"509",1913-05-01,5.65,3
"510",1913-06-01,5.65,3
"511",1913-07-01,5.65,3
"512",1913-08-01,5.65,3
"513",1913-09-01,5.65,3
"514",1913-10-01,5.65,3
"515",1913-11-01,5.65,3
"516",1913-12-01,5.65,3
"517",1914-01-01,4.64,3
"518",1914-02-01,4.64,3
"519",1914-03-01,4.64,3
"520",1914-04-01,4.64,3
"521",1914-05-01,4.64,3
"522",1914-06-01,4.64,3
"523",1914-07-01,4.64,3
"524",1914-08-01,4.64,3
"525",1914-09-01,4.64,3
"526",1914-10-01,4.64,3
"527",1914-11-01,4.64,3
"528",1914-12-01,4.64,3
"529",1915-01-01,3.65,3
"530",1915-02-01,3.65,3
"531",1915-03-01,3.65,3
"532",1915-04-01,3.65,3
"533",1915-05-01,3.65,3
"534",1915-06-01,3.65,3
"535",1915-07-01,3.65,3
"536",1915-08-01,3.65,3
"537",1915-09-01,3.65,3
"538",1915-10-01,3.65,3
"539",1915-11-01,3.65,3
"540",1915-12-01,3.65,3
"541",1916-01-01,3.64,3
"542",1916-02-01,3.64,3
"543",1916-03-01,3.64,3
"544",1916-04-01,3.64,3
"545",1916-05-01,3.64,3
"546",1916-06-01,3.64,3
"547",1916-07-01,3.64,3
"548",1916-08-01,3.64,3
"549",1916-09-01,3.64,3
"550",1916-10-01,3.64,3
"551",1916-11-01,3.64,3
"552",1916-12-01,3.64,3
"553",1917-01-01,4.25,3
"554",1917-02-01,4.25,3
"555",1917-03-01,4.25,3
"556",1917-04-01,4.25,3
"557",1917-05-01,4.25,3
"558",1917-06-01,4.25,3
"559",1917-07-01,4.25,3
"560",1917-08-01,4.25,3
"561",1917-09-01,4.25,3
"562",1917-10-01,4.25,3
"563",1917-11-01,4.25,3
"564",1917-12-01,4.25,3
"565",1918-01-01,5.98,3
"566",1918-02-01,5.98,3
"567",1918-03-01,5.98,3
"568",1918-04-01,5.98,3
"569",1918-05-01,5.98,3
"570",1918-06-01,5.98,3
"571",1918-07-01,5.98,3
"572",1918-08-01,5.98,3
"573",1918-09-01,5.98,3
"574",1918-10-01,5.98,3
"575",1918-11-01,5.98,3
"576",1918-12-01,5.98,3
"577",1919-01-01,5.56,3
"578",1919-02-01,5.56,3
"579",1919-03-01,5.56,3
"580",1919-04-01,5.56,3
"581",1919-05-01,5.56,3
"582",1919-06-01,5.56,3
"583",1919-07-01,5.56,3
"584",1919-08-01,5.56,3
"585",1919-09-01,5.56,3
"586",1919-10-01,5.56,3
"587",1919-11-01,5.56,3
"588",1919-12-01,5.56,3
"589",1920-01-01,4.5,1
"590",1920-02-01,4.5,1
"591",1920-03-01,4.75,1
"592",1920-04-01,5.25,1
"593",1920-05-01,5.5,1
"594",1920-06-01,5.75,1
"595",1920-07-01,5.81,1
"596",1920-08-01,5.83,1
"597",1920-09-01,5.81,1
"598",1920-10-01,5.75,1
"599",1920-11-01,5.75,1
"600",1920-12-01,5.88,1
"601",1921-01-01,5.67,1
"602",1921-02-01,5.3,1
"603",1921-03-01,5.38,1
"604",1921-04-01,5.2,1
"605",1921-05-01,5.16,1
"606",1921-06-01,4.99,1
"607",1921-07-01,4.6,1
"608",1921-08-01,4.75,1
"609",1921-09-01,4.75,1
"610",1921-10-01,4.21,1
"611",1921-11-01,4.03,1
"612",1921-12-01,3.9,1
"613",1922-01-01,3.9,1
"614",1922-02-01,3.81,1
"615",1922-03-01,3.55,1
"616",1922-04-01,3.21,1
"617",1922-05-01,3.25,1
"618",1922-06-01,3.25,1
"619",1922-07-01,3.2,1
"620",1922-08-01,3.13,1
"621",1922-09-01,3.34,1
"622",1922-10-01,3.71,1
"623",1922-11-01,3.66,1
"624",1922-12-01,3.65,1
"625",1923-01-01,3.66,1
"626",1923-02-01,3.65,1
"627",1923-03-01,4.12,1
"628",1923-04-01,4.13,1
"629",1923-05-01,3.95,1
"630",1923-06-01,3.84,1
"631",1923-07-01,3.91,1
"632",1923-08-01,3.86,1
"633",1923-09-01,4.01,1
"634",1923-10-01,4.22,1
"635",1923-11-01,3.94,1
"636",1923-12-01,3.88,1
"637",1924-01-01,3.76,1
"638",1924-02-01,3.54,1
"639",1924-03-01,3.57,1
"640",1924-04-01,3.38,1
"641",1924-05-01,2.29,1
"642",1924-06-01,2.44,1
"643",1924-07-01,1.92,1
"644",1924-08-01,1.9,1
"645",1924-09-01,2.14,1
"646",1924-10-01,2.41,1
"647",1924-11-01,2.58,1
"648",1924-12-01,2.57,1
"649",1925-01-01,2.61,1
"650",1925-02-01,2.62,1
"651",1925-03-01,2.78,1
"652",1925-04-01,2.78,1
"653",1925-05-01,2.73,1
"654",1925-06-01,2.86,1
"655",1925-07-01,3.06,1
"656",1925-08-01,3.01,1
"657",1925-09-01,3.17,1
"658",1925-10-01,3.53,1
"659",1925-11-01,3.65,1
"660",1925-12-01,3.51,1
"661",1926-01-01,3.49,1
"662",1926-02-01,3.18,1
"663",1926-03-01,3.14,1
"664",1926-04-01,3.08,1
"665",1926-05-01,3.17,1
"666",1926-06-01,2.93,1
"667",1926-07-01,3.11,1
"668",1926-08-01,3.27,1
"669",1926-09-01,3.42,1
"670",1926-10-01,3.58,1
"671",1926-11-01,3.35,1
"672",1926-12-01,3.07,1
"673",1927-01-01,3.23,1
"674",1927-02-01,3.29,1
"675",1927-03-01,3.2,1
"676",1927-04-01,3.39,1
"677",1927-05-01,3.33,1
"678",1927-06-01,3.07,1
"679",1927-07-01,2.96,1
"680",1927-08-01,2.7,1
"681",1927-09-01,2.68,1
"682",1927-10-01,3.08,1
"683",1927-11-01,3.04,1
"684",1927-12-01,3.17,1
"685",1928-01-01,3.31,1
"686",1928-02-01,3.33,1
"687",1928-03-01,3.27,1
"688",1928-04-01,3.62,1
"689",1928-05-01,3.9,1
"690",1928-06-01,3.92,1
"691",1928-07-01,4.12,1
"692",1928-08-01,4.36,1
"693",1928-09-01,4.57,1
"694",1928-10-01,4.7,1
"695",1928-11-01,4.26,1
"696",1928-12-01,4.26,1
"697",1929-01-01,4.66,1
"698",1929-02-01,4.39,1
"699",1929-03-01,4.6,1
"700",1929-04-01,4.8,1
"701",1929-05-01,5.09,1
"702",1929-06-01,4.8,1
"703",1929-07-01,4.55,1
"704",1929-08-01,4.7,1
"705",1929-09-01,4.58,1
"706",1929-10-01,4.37,1
"707",1929-11-01,3.47,1
"708",1929-12-01,3.03,1
"709",1930-01-01,3.39,1
"710",1930-02-01,3.36,1
"711",1930-03-01,2.95,1
"712",1930-04-01,3,1
"713",1930-05-01,2.41,1
"714",1930-06-01,1.89,1
"715",1930-07-01,1.83,1
"716",1930-08-01,1.53,1
"717",1930-09-01,1.77,1
"718",1930-10-01,1.74,1
"719",1930-11-01,1.4,1
"720",1930-12-01,1.48,1
"721",1931-01-01,1.24,1
"722",1931-02-01,1.06,1
"723",1931-03-01,1.38,1
"724",1931-04-01,1.49,1
"725",1931-05-01,0.88,1
"726",1931-06-01,0.55,1
"727",1931-07-01,0.41,1
"728",1931-08-01,0.42,1
"729",1931-09-01,0.45,1
"730",1931-10-01,1.7,1
"731",1931-11-01,1.77,1
"732",1931-12-01,2.41,1
"733",1932-01-01,2.48,1
"734",1932-02-01,2.42,1
"735",1932-03-01,2.25,1
"736",1932-04-01,1.11,1
"737",1932-05-01,0.31,1
"738",1932-06-01,0.34,1
"739",1932-07-01,0.22,1
"740",1932-08-01,0.14,1
"741",1932-09-01,0.03,1
"742",1932-10-01,0.01,1
"743",1932-11-01,0.01,1
"744",1932-12-01,0.04,1
"745",1933-01-01,0.07,1
"746",1933-02-01,0.01,1
"747",1933-03-01,1.34,1
"748",1933-04-01,0.45,1
"749",1933-05-01,0.29,1
"750",1933-06-01,0.07,1
"751",1933-07-01,0.19,1
"752",1933-08-01,0.01,1
"753",1933-09-01,0.04,1
"754",1933-10-01,0.09,1
"755",1933-11-01,0.22,1
"756",1933-12-01,0.29,1
"757",1934-01-01,0.72,2
"758",1934-02-01,0.62,2
"759",1934-03-01,0.24,2
"760",1934-04-01,0.15,2
"761",1934-05-01,0.16,2
"762",1934-06-01,0.15,2
"763",1934-07-01,0.15,2
"764",1934-08-01,0.19,2
"765",1934-09-01,0.21,2
"766",1934-10-01,0.27,2
"767",1934-11-01,0.25,2
"768",1934-12-01,0.23,2
"769",1935-01-01,0.2,2
"770",1935-02-01,0.19,2
"771",1935-03-01,0.15,2
"772",1935-04-01,0.15,2
"773",1935-05-01,0.15,2
"774",1935-06-01,0.15,2
"775",1935-07-01,0.15,2
"776",1935-08-01,0.16,2
"777",1935-09-01,0.2,2
"778",1935-10-01,0.2,2
"779",1935-11-01,0.16,2
"780",1935-12-01,0.15,2
"781",1936-01-01,0.2,2
"782",1936-02-01,0.2,2
"783",1936-03-01,0.2,2
"784",1936-04-01,0.2,2
"785",1936-05-01,0.2,2
"786",1936-06-01,0.2,2
"787",1936-07-01,0.15,2
"788",1936-08-01,0.2,2
"789",1936-09-01,0.16,2
"790",1936-10-01,0.13,2
"791",1936-11-01,0.11,2
"792",1936-12-01,0.12,2
"793",1937-01-01,0.17,2
"794",1937-02-01,0.15,2
"795",1937-03-01,0.38,2
"796",1937-04-01,0.56,2
"797",1937-05-01,0.41,2
"798",1937-06-01,0.36,2
"799",1937-07-01,0.28,2
"800",1937-08-01,0.29,2
"801",1937-09-01,0.31,2
"802",1937-10-01,0.2,2
"803",1937-11-01,0.09,2
"804",1937-12-01,0.11,2
"805",1938-01-01,0.1,2
"806",1938-02-01,0.08,2
"807",1938-03-01,0.08,2
"808",1938-04-01,0.09,2
"809",1938-05-01,0.05,2
"810",1938-06-01,0.05,2
"811",1938-07-01,0.07,2
"812",1938-08-01,0.06,2
"813",1938-09-01,0.08,2
"814",1938-10-01,0.05,2
"815",1938-11-01,0.04,2
"816",1938-12-01,0.03,2
"817",1939-01-01,0.03,2
"818",1939-02-01,0.03,2
"819",1939-03-01,0.03,2
"820",1939-04-01,0.03,2
"821",1939-05-01,0.03,2
"822",1939-06-01,0.03,2
"823",1939-07-01,0.04,2
"824",1939-08-01,0.05,2
"825",1939-09-01,0.14,2
"826",1939-10-01,0.05,2
"827",1939-11-01,0.05,2
"828",1939-12-01,0.04,2
"829",1940-01-01,0.01,2
"830",1940-02-01,0.02,2
"831",1940-03-01,0.02,2
"832",1940-04-01,0.02,2
"833",1940-05-01,0.06,2
"834",1940-06-01,0.1,2
"835",1940-07-01,0.05,2
"836",1940-08-01,0.04,2
"837",1940-09-01,0.05,2
"838",1940-10-01,0.02,2
"839",1940-11-01,0.02,2
"840",1940-12-01,0.02,2
"841",1941-01-01,0.02,2
"842",1941-02-01,0.04,2
"843",1941-03-01,0.11,2
"844",1941-04-01,0.1,2
"845",1941-05-01,0.11,2
"846",1941-06-01,0.12,2
"847",1941-07-01,0.12,2
"848",1941-08-01,0.13,2
"849",1941-09-01,0.1,2
"850",1941-10-01,0.09,2
"851",1941-11-01,0.28,2
"852",1941-12-01,0.33,2
"853",1942-01-01,0.27,2
"854",1942-02-01,0.25,2
"855",1942-03-01,0.25,2
"856",1942-04-01,0.32,2
"857",1942-05-01,0.37,2
"858",1942-06-01,0.37,2
"859",1942-07-01,0.38,2
"860",1942-08-01,0.38,2
"861",1942-09-01,0.38,2
"862",1942-10-01,0.38,2
"863",1942-11-01,0.38,2
"864",1942-12-01,0.38,2
"865",1943-01-01,0.38,2
"866",1943-02-01,0.38,2
"867",1943-03-01,0.38,2
"868",1943-04-01,0.38,2
"869",1943-05-01,0.38,2
"870",1943-06-01,0.38,2
"871",1943-07-01,0.38,2
"872",1943-08-01,0.38,2
"873",1943-09-01,0.38,2
"874",1943-10-01,0.38,2
"875",1943-11-01,0.38,2
"876",1943-12-01,0.38,2
"877",1944-01-01,0.38,2
"878",1944-02-01,0.38,2
"879",1944-03-01,0.38,2
"880",1944-04-01,0.38,2
"881",1944-05-01,0.38,2
"882",1944-06-01,0.38,2
"883",1944-07-01,0.38,2
"884",1944-08-01,0.38,2
"885",1944-09-01,0.38,2
"886",1944-10-01,0.38,2
"887",1944-11-01,0.38,2
"888",1944-12-01,0.38,2
"889",1945-01-01,0.38,2
"890",1945-02-01,0.38,2
"891",1945-03-01,0.38,2
"892",1945-04-01,0.38,2
"893",1945-05-01,0.38,2
"894",1945-06-01,0.38,2
"895",1945-07-01,0.38,2
"896",1945-08-01,0.38,2
"897",1945-09-01,0.38,2
"898",1945-10-01,0.38,2
"899",1945-11-01,0.38,2
"900",1945-12-01,0.38,2
"901",1946-01-01,0.38,2
"902",1946-02-01,0.38,2
"903",1946-03-01,0.38,2
"904",1946-04-01,0.38,2
"905",1946-05-01,0.38,2
"906",1946-06-01,0.38,2
"907",1946-07-01,0.38,2
"908",1946-08-01,0.38,2
"909",1946-09-01,0.38,2
"910",1946-10-01,0.38,2
"911",1946-11-01,0.38,2
"912",1946-12-01,0.38,2
"913",1947-01-01,0.38,2
"914",1947-02-01,0.38,2
"915",1947-03-01,0.38,2
"916",1947-04-01,0.38,2
"917",1947-05-01,0.38,2
"918",1947-06-01,0.38,2
"919",1947-07-01,0.66,2
"920",1947-08-01,0.75,2
"921",1947-09-01,0.8,2
"922",1947-10-01,0.85,2
"923",1947-11-01,0.92,2
"924",1947-12-01,0.95,2
"925",1948-01-01,0.97,2
"926",1948-02-01,1,2
"927",1948-03-01,1,2
"928",1948-04-01,1,2
"929",1948-05-01,1,2
"930",1948-06-01,1,2
"931",1948-07-01,1,2
"932",1948-08-01,1.06,2
"933",1948-09-01,1.09,2
"934",1948-10-01,1.12,2
"935",1948-11-01,1.14,2
"936",1948-12-01,1.16,2
"937",1949-01-01,1.17,2
"938",1949-02-01,1.17,2
"939",1949-03-01,1.17,2
"940",1949-04-01,1.17,2
"941",1949-05-01,1.17,2
"942",1949-06-01,1.17,2
"943",1949-07-01,1.02,2
"944",1949-08-01,1.04,2
"945",1949-09-01,1.07,2
"946",1949-10-01,1.05,2
"947",1949-11-01,1.08,2
"948",1949-12-01,1.1,2
"949",1950-01-01,1.07,2
"950",1950-02-01,1.12,2
"951",1950-03-01,1.12,2
"952",1950-04-01,1.15,2
"953",1950-05-01,1.16,2
"954",1950-06-01,1.15,2
"955",1950-07-01,1.16,2
"956",1950-08-01,1.2,2
"957",1950-09-01,1.3,2
"958",1950-10-01,1.31,2
"959",1950-11-01,1.36,2
"960",1950-12-01,1.34,2
"961",1951-01-01,1.34,2
"962",1951-02-01,1.36,2
"963",1951-03-01,1.4,2
"964",1951-04-01,1.47,2
"965",1951-05-01,1.55,2
"966",1951-06-01,1.45,2
"967",1951-07-01,1.56,2
"968",1951-08-01,1.62,2
"969",1951-09-01,1.63,2
"970",1951-10-01,1.54,2
"971",1951-11-01,1.56,2
"972",1951-12-01,1.73,2
"973",1952-01-01,1.57,2
"974",1952-02-01,1.54,2
"975",1952-03-01,1.59,2
"976",1952-04-01,1.57,2
"977",1952-05-01,1.67,2
"978",1952-06-01,1.7,2
"979",1952-07-01,1.81,2
"980",1952-08-01,1.83,2
"981",1952-09-01,1.71,2
"982",1952-10-01,1.74,2
"983",1952-11-01,1.85,2
"984",1952-12-01,2.09,2
"985",1953-01-01,1.96,2
"986",1953-02-01,1.97,2
"987",1953-03-01,2.01,2
"988",1953-04-01,2.19,2
"989",1953-05-01,2.16,2
"990",1953-06-01,2.11,2
"991",1953-07-01,2.04,2
"992",1953-08-01,2.04,2
"993",1953-09-01,1.79,2
"994",1953-10-01,1.38,2
"995",1953-11-01,1.44,2
"996",1953-12-01,1.6,2
"997",1954-01-01,1.18,2
"998",1954-02-01,0.97,2
"999",1954-03-01,1.03,2
"1000",1954-04-01,0.97,2
"1001",1954-05-01,0.76,2
"1002",1954-06-01,0.64,2
"1003",1954-07-01,0.72,2
"1004",1954-08-01,0.92,2
"1005",1954-09-01,1.01,2
"1006",1954-10-01,0.98,2
"1007",1954-11-01,0.93,2
"1008",1954-12-01,1.15,2
"1009",1955-01-01,1.22,2
"1010",1955-02-01,1.17,2
"1011",1955-03-01,1.28,2
"1012",1955-04-01,1.59,2
"1013",1955-05-01,1.45,2
"1014",1955-06-01,1.41,2
"1015",1955-07-01,1.6,2
"1016",1955-08-01,1.9,2
"1017",1955-09-01,2.07,2
"1018",1955-10-01,2.23,2
"1019",1955-11-01,2.24,2
"1020",1955-12-01,2.54,2
"1021",1956-01-01,2.41,2
"1022",1956-02-01,2.32,2
"1023",1956-03-01,2.25,2
"1024",1956-04-01,2.6,2
"1025",1956-05-01,2.61,2
"1026",1956-06-01,2.49,2
"1027",1956-07-01,2.31,2
"1028",1956-08-01,2.6,2
"1029",1956-09-01,2.84,2
"1030",1956-10-01,2.9,2
"1031",1956-11-01,2.99,2
"1032",1956-12-01,3.21,2
"1033",1957-01-01,3.11,2
"1034",1957-02-01,3.1,2
"1035",1957-03-01,3.08,2
"1036",1957-04-01,3.07,2
"1037",1957-05-01,3.06,2
"1038",1957-06-01,3.29,2
"1039",1957-07-01,3.16,2
"1040",1957-08-01,3.37,2
"1041",1957-09-01,3.53,2
"1042",1957-10-01,3.58,2
"1043",1957-11-01,3.31,2
"1044",1957-12-01,3.04,2
"1045",1958-01-01,2.44,2
"1046",1958-02-01,1.53,2
"1047",1958-03-01,1.3,2
"1048",1958-04-01,1.13,2
"1049",1958-05-01,0.91,2
"1050",1958-06-01,0.83,2
"1051",1958-07-01,0.91,2
"1052",1958-08-01,1.69,2
"1053",1958-09-01,2.44,2
"1054",1958-10-01,2.63,2
"1055",1958-11-01,2.67,2
"1056",1958-12-01,2.77,2
"1057",1959-01-01,2.82,2
"1058",1959-02-01,2.7,2
"1059",1959-03-01,2.8,2
"1060",1959-04-01,2.95,2
"1061",1959-05-01,2.84,2
"1062",1959-06-01,3.21,2
"1063",1959-07-01,3.2,2
"1064",1959-08-01,3.38,2
"1065",1959-09-01,4.04,2
"1066",1959-10-01,4.05,2
"1067",1959-11-01,4.15,2
"1068",1959-12-01,4.49,2
"1069",1960-01-01,4.35,2
"1070",1960-02-01,3.96,2
"1071",1960-03-01,3.31,2
"1072",1960-04-01,3.23,2
"1073",1960-05-01,3.29,2
"1074",1960-06-01,2.46,2
"1075",1960-07-01,2.3,2
"1076",1960-08-01,2.3,2
"1077",1960-09-01,2.48,2
"1078",1960-10-01,2.3,2
"1079",1960-11-01,2.37,2
"1080",1960-12-01,2.25,2
"1081",1961-01-01,2.24,2
"1082",1961-02-01,2.42,2
"1083",1961-03-01,2.39,2
"1084",1961-04-01,2.29,2
"1085",1961-05-01,2.29,2
"1086",1961-06-01,2.33,2
"1087",1961-07-01,2.24,2
"1088",1961-08-01,2.39,2
"1089",1961-09-01,2.28,2
"1090",1961-10-01,2.3,2
"1091",1961-11-01,2.48,2
"1092",1961-12-01,2.6,2
"1093",1962-01-01,2.72,2
"1094",1962-02-01,2.73,2
"1095",1962-03-01,2.72,2
"1096",1962-04-01,2.73,2
"1097",1962-05-01,2.69,2
"1098",1962-06-01,2.73,2
"1099",1962-07-01,2.92,2
"1100",1962-08-01,2.82,2
"1101",1962-09-01,2.78,2
"1102",1962-10-01,2.74,2
"1103",1962-11-01,2.83,2
"1104",1962-12-01,2.87,2
"1105",1963-01-01,2.91,2
"1106",1963-02-01,2.92,2
"1107",1963-03-01,2.89,2
"1108",1963-04-01,2.9,2
"1109",1963-05-01,2.93,2
"1110",1963-06-01,2.99,2
"1111",1963-07-01,3.18,2
"1112",1963-08-01,3.32,2
"1113",1963-09-01,3.38,2
"1114",1963-10-01,3.45,2
"1115",1963-11-01,3.52,2
"1116",1963-12-01,3.52,2
"1117",1964-01-01,3.52,2
"1118",1964-02-01,3.53,2
"1119",1964-03-01,3.54,2
"1120",1964-04-01,3.47,2
"1121",1964-05-01,3.48,2
"1122",1964-06-01,3.48,2
"1123",1964-07-01,3.46,2
"1124",1964-08-01,3.5,2
"1125",1964-09-01,3.53,2
"1126",1964-10-01,3.57,2
"1127",1964-11-01,3.64,2
"1128",1964-12-01,3.84,2
"1129",1965-01-01,3.81,2
"1130",1965-02-01,3.93,2
"1131",1965-03-01,3.93,2
"1132",1965-04-01,3.93,2
"1133",1965-05-01,3.89,2
"1134",1965-06-01,3.8,2
"1135",1965-07-01,3.84,2
"1136",1965-08-01,3.84,2
"1137",1965-09-01,3.92,2
"1138",1965-10-01,4.03,2
"1139",1965-11-01,4.09,2
"1140",1965-12-01,4.38,2
"1141",1966-01-01,4.59,2
"1142",1966-02-01,4.65,2
"1143",1966-03-01,4.59,2
"1144",1966-04-01,4.62,2
"1145",1966-05-01,4.64,2
"1146",1966-06-01,4.5,2
"1147",1966-07-01,4.8,2
"1148",1966-08-01,4.96,2
"1149",1966-09-01,5.37,2
"1150",1966-10-01,5.35,2
"1151",1966-11-01,5.32,2
"1152",1966-12-01,4.96,2
"1153",1967-01-01,4.72,2
"1154",1967-02-01,4.56,2
"1155",1967-03-01,4.26,2
"1156",1967-04-01,3.84,2
"1157",1967-05-01,3.6,2
"1158",1967-06-01,3.54,2
"1159",1967-07-01,4.21,2
"1160",1967-08-01,4.27,2
"1161",1967-09-01,4.42,2
"1162",1967-10-01,4.56,2
"1163",1967-11-01,4.73,2
"1164",1967-12-01,4.97,2
"1165",1968-01-01,5,2
"1166",1968-02-01,4.98,2
"1167",1968-03-01,5.17,2
"1168",1968-04-01,5.38,2
"1169",1968-05-01,5.66,2
"1170",1968-06-01,5.52,2
"1171",1968-07-01,5.31,2
"1172",1968-08-01,5.09,2
"1173",1968-09-01,5.19,2
"1174",1968-10-01,5.35,2
"1175",1968-11-01,5.45,2
"1176",1968-12-01,5.96,2
"1177",1969-01-01,6.14,2
"1178",1969-02-01,6.12,2
"1179",1969-03-01,6.02,2
"1180",1969-04-01,6.11,2
"1181",1969-05-01,6.04,2
"1182",1969-06-01,6.44,2
"1183",1969-07-01,7,2
"1184",1969-08-01,6.98,2
"1185",1969-09-01,7.09,2
"1186",1969-10-01,7,2
"1187",1969-11-01,7.24,2
"1188",1969-12-01,7.82,2
"1189",1970-01-01,7.87,2
"1190",1970-02-01,7.13,2
"1191",1970-03-01,6.63,2
"1192",1970-04-01,6.51,2
"1193",1970-05-01,6.84,2
"1194",1970-06-01,6.68,2
"1195",1970-07-01,6.45,2
"1196",1970-08-01,6.41,2
"1197",1970-09-01,6.12,2
"1198",1970-10-01,5.91,2
"1199",1970-11-01,5.28,2
"1200",1970-12-01,4.87,2
"1201",1971-01-01,4.44,2
"1202",1971-02-01,3.7,2
"1203",1971-03-01,3.38,2
"1204",1971-04-01,3.86,2
"1205",1971-05-01,4.14,2
"1206",1971-06-01,4.75,2
"1207",1971-07-01,5.4,2
"1208",1971-08-01,4.94,2
"1209",1971-09-01,4.69,2
"1210",1971-10-01,4.46,2
"1211",1971-11-01,4.22,2
"1212",1971-12-01,4.01,2
"1213",1972-01-01,3.38,2
"1214",1972-02-01,3.2,2
"1215",1972-03-01,3.73,2
"1216",1972-04-01,3.71,2
"1217",1972-05-01,3.69,2
"1218",1972-06-01,3.91,2
"1219",1972-07-01,3.98,2
"1220",1972-08-01,4.02,2
"1221",1972-09-01,4.66,2
"1222",1972-10-01,4.74,2
"1223",1972-11-01,4.78,2
"1224",1972-12-01,5.07,2
"1225",1973-01-01,5.41,2
"1226",1973-02-01,5.6,2
"1227",1973-03-01,6.09,2
"1228",1973-04-01,6.26,2
"1229",1973-05-01,6.36,2
"1230",1973-06-01,7.19,2
"1231",1973-07-01,8.01,2
"1232",1973-08-01,8.67,2
"1233",1973-09-01,8.29,2
"1234",1973-10-01,7.22,2
"1235",1973-11-01,7.83,2
"1236",1973-12-01,7.45,2
"1237",1974-01-01,7.77,2
"1238",1974-02-01,7.12,2
"1239",1974-03-01,7.96,2
"1240",1974-04-01,8.33,2
"1241",1974-05-01,8.23,2
"1242",1974-06-01,7.9,2
"1243",1974-07-01,7.55,2
"1244",1974-08-01,8.96,2
"1245",1974-09-01,8.06,2
"1246",1974-10-01,7.46,2
"1247",1974-11-01,7.47,2
"1248",1974-12-01,7.15,2
"1249",1975-01-01,6.26,2
"1250",1975-02-01,5.5,2
"1251",1975-03-01,5.49,2
"1252",1975-04-01,5.61,2
"1253",1975-05-01,5.23,2
"1254",1975-06-01,5.34,2
"1255",1975-07-01,6.13,2
"1256",1975-08-01,6.44,2
"1257",1975-09-01,6.42,2
"1258",1975-10-01,5.96,2
"1259",1975-11-01,5.48,2
"1260",1975-12-01,5.44,2
"1261",1976-01-01,4.87,2
"1262",1976-02-01,4.88,2
"1263",1976-03-01,5,2
"1264",1976-04-01,4.86,2
"1265",1976-05-01,5.2,2
"1266",1976-06-01,5.41,2
"1267",1976-07-01,5.23,2
"1268",1976-08-01,5.14,2
"1269",1976-09-01,5.08,2
"1270",1976-10-01,4.92,2
"1271",1976-11-01,4.75,2
"1272",1976-12-01,4.35,2
"1273",1977-01-01,4.62,2
"1274",1977-02-01,4.67,2
"1275",1977-03-01,4.6,2
"1276",1977-04-01,4.54,2
"1277",1977-05-01,4.96,2
"1278",1977-06-01,5.02,2
"1279",1977-07-01,5.19,2
"1280",1977-08-01,5.49,2
"1281",1977-09-01,5.81,2
"1282",1977-10-01,6.16,2
"1283",1977-11-01,6.1,2
"1284",1977-12-01,6.07,2
"1285",1978-01-01,6.44,2
"1286",1978-02-01,6.45,2
"1287",1978-03-01,6.29,2
"1288",1978-04-01,6.29,2
"1289",1978-05-01,6.41,2
"1290",1978-06-01,6.73,2
"1291",1978-07-01,7.01,2
"1292",1978-08-01,7.08,2
"1293",1978-09-01,7.85,2
"1294",1978-10-01,7.99,2
"1295",1978-11-01,8.64,2
"1296",1978-12-01,9.08,2
"1297",1979-01-01,9.35,2
"1298",1979-02-01,9.32,2
"1299",1979-03-01,9.48,2
"1300",1979-04-01,9.46,2
"1301",1979-05-01,9.61,2
"1302",1979-06-01,9.06,2
"1303",1979-07-01,9.24,2
"1304",1979-08-01,9.52,2
"1305",1979-09-01,10.26,2
"1306",1979-10-01,11.7,2
"1307",1979-11-01,11.79,2
"1308",1979-12-01,12.04,2
"1309",1980-01-01,12,2
"1310",1980-02-01,12.86,2
"1311",1980-03-01,15.2,2
"1312",1980-04-01,13.2,2
"1313",1980-05-01,8.58,2
"1314",1980-06-01,7.07,2
"1315",1980-07-01,8.06,2
"1316",1980-08-01,9.13,2
"1317",1980-09-01,10.27,2
"1318",1980-10-01,11.62,2
"1319",1980-11-01,13.73,2
"1320",1980-12-01,15.49,2
"1321",1981-01-01,15.02,2
"1322",1981-02-01,14.79,2
"1323",1981-03-01,13.36,2
"1324",1981-04-01,13.69,2
"1325",1981-05-01,16.3,2
"1326",1981-06-01,14.73,2
"1327",1981-07-01,14.95,2
"1328",1981-08-01,15.51,2
"1329",1981-09-01,14.7,2
"1330",1981-10-01,13.54,2
"1331",1981-11-01,10.86,2
"1332",1981-12-01,10.85,2
"1333",1982-01-01,12.28,2
"1334",1982-02-01,13.48,2
"1335",1982-03-01,12.68,2
"1336",1982-04-01,12.7,2
"1337",1982-05-01,12.09,2
"1338",1982-06-01,12.47,2
"1339",1982-07-01,11.35,2
"1340",1982-08-01,8.68,2
"1341",1982-09-01,7.92,2
"1342",1982-10-01,7.71,2
"1343",1982-11-01,8.07,2
"1344",1982-12-01,7.94,2
"1345",1983-01-01,7.86,2
"1346",1983-02-01,8.11,2
"1347",1983-03-01,8.35,2
"1348",1983-04-01,8.21,2
"1349",1983-05-01,8.19,2
"1350",1983-06-01,8.79,2
"1351",1983-07-01,9.08,2
"1352",1983-08-01,9.34,2
"1353",1983-09-01,9,2
"1354",1983-10-01,8.64,2
"1355",1983-11-01,8.76,2
"1356",1983-12-01,9,2
"1357",1984-01-01,8.9,2
"1358",1984-02-01,9.09,2
"1359",1984-03-01,9.52,2
"1360",1984-04-01,9.69,2
"1361",1984-05-01,9.83,2
"1362",1984-06-01,9.87,2
"1363",1984-07-01,10.12,2
"1364",1984-08-01,10.47,2
"1365",1984-09-01,10.37,2
"1366",1984-10-01,9.74,2
"1367",1984-11-01,8.61,2
"1368",1984-12-01,8.06,2
"1369",1985-01-01,7.76,2
"1370",1985-02-01,8.27,2
"1371",1985-03-01,8.52,2
"1372",1985-04-01,7.95,2
"1373",1985-05-01,7.48,2
"1374",1985-06-01,6.95,2
"1375",1985-07-01,7.08,2
"1376",1985-08-01,7.14,2
"1377",1985-09-01,7.1,2
"1378",1985-10-01,7.16,2
"1379",1985-11-01,7.24,2
"1380",1985-12-01,7.1,2
"1381",1986-01-01,7.07,2
"1382",1986-02-01,7.06,2
"1383",1986-03-01,6.56,2
"1384",1986-04-01,6.06,2
"1385",1986-05-01,6.15,2
"1386",1986-06-01,6.21,2
"1387",1986-07-01,5.83,2
"1388",1986-08-01,5.53,2
"1389",1986-09-01,5.21,2
"1390",1986-10-01,5.18,2
"1391",1986-11-01,5.35,2
"1392",1986-12-01,5.53,2
"1393",1987-01-01,5.43,2
"1394",1987-02-01,5.59,2
"1395",1987-03-01,5.59,2
"1396",1987-04-01,5.64,2
"1397",1987-05-01,5.66,2
"1398",1987-06-01,5.67,2
"1399",1987-07-01,5.69,2
"1400",1987-08-01,6.04,2
"1401",1987-09-01,6.4,2
"1402",1987-10-01,6.13,2
"1403",1987-11-01,5.69,2
"1404",1987-12-01,5.77,2
"1405",1988-01-01,5.81,2
"1406",1988-02-01,5.66,2
"1407",1988-03-01,5.7,2
"1408",1988-04-01,5.91,2
"1409",1988-05-01,6.26,2
"1410",1988-06-01,6.46,2
"1411",1988-07-01,6.73,2
"1412",1988-08-01,7.06,2
"1413",1988-09-01,7.24,2
"1414",1988-10-01,7.35,2
"1415",1988-11-01,7.76,2
"1416",1988-12-01,8.07,2
"1417",1989-01-01,8.27,2
"1418",1989-02-01,8.53,2
"1419",1989-03-01,8.82,2
"1420",1989-04-01,8.65,2
"1421",1989-05-01,8.43,2
"1422",1989-06-01,8.15,2
"1423",1989-07-01,7.88,2
"1424",1989-08-01,7.9,2
"1425",1989-09-01,7.75,2
"1426",1989-10-01,7.64,2
"1427",1989-11-01,7.69,2
"1428",1989-12-01,7.63,2
"1429",1990-01-01,7.64,2
"1430",1990-02-01,7.74,2
"1431",1990-03-01,7.9,2
"1432",1990-04-01,7.77,2
"1433",1990-05-01,7.74,2
"1434",1990-06-01,7.73,2
"1435",1990-07-01,7.62,2
"1436",1990-08-01,7.45,2
"1437",1990-09-01,7.36,2
"1438",1990-10-01,7.17,2
"1439",1990-11-01,7.06,2
"1440",1990-12-01,6.74,2
"1441",1991-01-01,6.22,2
"1442",1991-02-01,5.94,2
"1443",1991-03-01,5.91,2
"1444",1991-04-01,5.65,2
"1445",1991-05-01,5.46,2
"1446",1991-06-01,5.57,2
"1447",1991-07-01,5.58,2
"1448",1991-08-01,5.33,2
"1449",1991-09-01,5.22,2
"1450",1991-10-01,4.99,2
"1451",1991-11-01,4.56,2
"1452",1991-12-01,4.07,2
"1453",1992-01-01,3.8,2
"1454",1992-02-01,3.84,2
"1455",1992-03-01,4.04,2
"1456",1992-04-01,3.75,2
"1457",1992-05-01,3.63,2
"1458",1992-06-01,3.66,2
"1459",1992-07-01,3.21,2
"1460",1992-08-01,3.13,2
"1461",1992-09-01,2.91,2
"1462",1992-10-01,2.86,2
"1463",1992-11-01,3.13,2
"1464",1992-12-01,3.22,2
"1465",1993-01-01,3,2
"1466",1993-02-01,2.93,2
"1467",1993-03-01,2.95,2
"1468",1993-04-01,2.87,2
"1469",1993-05-01,2.96,2
"1470",1993-06-01,3.07,2
"1471",1993-07-01,3.04,2
"1472",1993-08-01,3.02,2
"1473",1993-09-01,2.95,2
"1474",1993-10-01,3.02,2
"1475",1993-11-01,3.1,2
"1476",1993-12-01,3.06,2
"1477",1994-01-01,2.98,2
"1478",1994-02-01,3.25,2
"1479",1994-03-01,3.5,2
"1480",1994-04-01,3.68,2
"1481",1994-05-01,4.14,2
"1482",1994-06-01,4.14,2
"1483",1994-07-01,4.33,2
"1484",1994-08-01,4.48,2
"1485",1994-09-01,4.62,2
"1486",1994-10-01,4.95,2
"1487",1994-11-01,5.29,2
"1488",1994-12-01,5.6,2
"1489",1995-01-01,5.71,2
"1490",1995-02-01,5.77,2
"1491",1995-03-01,5.73,2
"1492",1995-04-01,5.65,2
"1493",1995-05-01,5.67,2
"1494",1995-06-01,5.47,2
"1495",1995-07-01,5.42,2
"1496",1995-08-01,5.4,2
"1497",1995-09-01,5.28,2
"1498",1995-10-01,5.28,2
"1499",1995-11-01,5.36,2
"1500",1995-12-01,5.14,2
"1501",1996-01-01,5,2
"1502",1996-02-01,4.83,2
"1503",1996-03-01,4.96,2
"1504",1996-04-01,4.95,2
"1505",1996-05-01,5.02,2
"1506",1996-06-01,5.09,2
"1507",1996-07-01,5.15,2
"1508",1996-08-01,5.05,2
"1509",1996-09-01,5.09,2
"1510",1996-10-01,4.99,2
"1511",1996-11-01,5.03,2
"1512",1996-12-01,4.91,2
"1513",1997-01-01,5.03,2
"1514",1997-02-01,5.01,2
"1515",1997-03-01,5.14,2
"1516",1997-04-01,5.16,2
"1517",1997-05-01,5.05,2
"1518",1997-06-01,4.93,2
"1519",1997-07-01,5.05,2
"1520",1997-08-01,5.14,2
"1521",1997-09-01,4.95,2
"1522",1997-10-01,4.97,2
"1523",1997-11-01,5.14,2
"1524",1997-12-01,5.16,2
"1525",1998-01-01,5.04,2
"1526",1998-02-01,5.09,2
"1527",1998-03-01,5.03,2
"1528",1998-04-01,4.95,2
"1529",1998-05-01,5,2
"1530",1998-06-01,4.98,2
"1531",1998-07-01,4.96,2
"1532",1998-08-01,4.9,2
"1533",1998-09-01,4.61,2
"1534",1998-10-01,3.96,2
"1535",1998-11-01,4.41,2
"1536",1998-12-01,4.39,2
"1537",1999-01-01,4.34,2
"1538",1999-02-01,4.44,2
"1539",1999-03-01,4.44,2
"1540",1999-04-01,4.29,2
"1541",1999-05-01,4.5,2
"1542",1999-06-01,4.57,2
"1543",1999-07-01,4.55,2
"1544",1999-08-01,4.72,2
"1545",1999-09-01,4.68,2
"1546",1999-10-01,4.86,2
"1547",1999-11-01,5.07,2
"1548",1999-12-01,5.2,2
"1549",2000-01-01,5.32,2
"1550",2000-02-01,5.55,2
"1551",2000-03-01,5.69,2
"1552",2000-04-01,5.66,2
"1553",2000-05-01,5.79,2
"1554",2000-06-01,5.69,2
"1555",2000-07-01,5.96,2
"1556",2000-08-01,6.09,2
"1557",2000-09-01,6,2
"1558",2000-10-01,6.11,2
"1559",2000-11-01,6.17,2
"1560",2000-12-01,5.77,2
"1561",2001-01-01,5.15,2
"1562",2001-02-01,4.88,2
"1563",2001-03-01,4.42,2
"1564",2001-04-01,3.87,2
"1565",2001-05-01,3.62,2
"1566",2001-06-01,3.49,2
"1567",2001-07-01,3.51,2
"1568",2001-08-01,3.36,2
"1569",2001-09-01,2.64,2
"1570",2001-10-01,2.16,2
"1571",2001-11-01,1.87,2
"1572",2001-12-01,1.69,2
"1573",2002-01-01,1.65,2
"1574",2002-02-01,1.72,2
"1575",2002-03-01,1.79,2
"1576",2002-04-01,1.71,2
"1577",2002-05-01,1.73,2
"1578",2002-06-01,1.7,2
"1579",2002-07-01,1.68,2
"1580",2002-08-01,1.62,2
"1581",2002-09-01,1.63,2
"1582",2002-10-01,1.58,2
"1583",2002-11-01,1.23,2
"1584",2002-12-01,1.19,2
"1585",2003-01-01,1.17,2
"1586",2003-02-01,1.17,2
"1587",2003-03-01,1.13,2
"1588",2003-04-01,1.13,2
"1589",2003-05-01,1.07,2
"1590",2003-06-01,0.92,2
"1591",2003-07-01,0.9,2
"1592",2003-08-01,0.95,2
"1593",2003-09-01,0.94,2
"1594",2003-10-01,0.92,2
"1595",2003-11-01,0.93,2
"1596",2003-12-01,0.9,2
"1597",2004-01-01,0.88,2
"1598",2004-02-01,0.93,2
"1599",2004-03-01,0.94,2
"1600",2004-04-01,0.94,2
"1601",2004-05-01,1.02,2
"1602",2004-06-01,1.27,2
"1603",2004-07-01,1.33,2
"1604",2004-08-01,1.48,2
"1605",2004-09-01,1.65,2
"1606",2004-10-01,1.76,2
"1607",2004-11-01,2.07,2
"1608",2004-12-01,2.19,2
"1609",2005-01-01,2.33,2
"1610",2005-02-01,2.54,2
"1611",2005-03-01,2.74,2
"1612",2005-04-01,2.78,2
"1613",2005-05-01,2.84,2
"1614",2005-06-01,2.97,2
"1615",2005-07-01,3.22,2
"1616",2005-08-01,3.44,2
"1617",2005-09-01,3.42,2
"1618",2005-10-01,3.71,2
"1619",2005-11-01,3.88,2
"1620",2005-12-01,3.89,2
"1621",2006-01-01,4.24,2
"1622",2006-02-01,4.43,2
"1623",2006-03-01,4.51,2
"1624",2006-04-01,4.6,2
"1625",2006-05-01,4.72,2
"1626",2006-06-01,4.79,2
"1627",2006-07-01,4.95,2
"1628",2006-08-01,4.96,2
"1629",2006-09-01,4.81,2
"1630",2006-10-01,4.92,2
"1631",2006-11-01,4.94,2
"1632",2006-12-01,4.85,2
"1633",2007-01-01,4.98,2
"1634",2007-02-01,5.03,2
"1635",2007-03-01,4.94,2
"1636",2007-04-01,4.87,2
"1637",2007-05-01,4.73,2
"1638",2007-06-01,4.61,2
"1639",2007-07-01,4.82,2
"1640",2007-08-01,4.2,2
"1641",2007-09-01,3.89,2
"1642",2007-10-01,3.9,2
"1643",2007-11-01,3.27,2
"1644",2007-12-01,3,2
"1645",2008-01-01,2.75,2
"1646",2008-02-01,2.12,2
"1647",2008-03-01,1.26,2
"1648",2008-04-01,1.29,2
"1649",2008-05-01,1.73,2
"1650",2008-06-01,1.86,2
"1651",2008-07-01,1.63,2
"1652",2008-08-01,1.72,2
"1653",2008-09-01,1.13,2
"1654",2008-10-01,0.67,2
"1655",2008-11-01,0.19,2
"1656",2008-12-01,0.03,2
"1657",2009-01-01,0.13,2
"1658",2009-02-01,0.3,2
"1659",2009-03-01,0.21,2
"1660",2009-04-01,0.16,2
"1661",2009-05-01,0.18,2
"1662",2009-06-01,0.18,2
"1663",2009-07-01,0.18,2
"1664",2009-08-01,0.17,2
"1665",2009-09-01,0.12,2
"1666",2009-10-01,0.07,2
"1667",2009-11-01,0.05,2
"1668",2009-12-01,0.05,2
"1669",2010-01-01,0.06,2
"1670",2010-02-01,0.11,2
"1671",2010-03-01,0.15,2
"1672",2010-04-01,0.16,2
"1673",2010-05-01,0.16,2
"1674",2010-06-01,0.12,2
"1675",2010-07-01,0.16,2
"1676",2010-08-01,0.16,2
"1677",2010-09-01,0.15,2
"1678",2010-10-01,0.13,2
"1679",2010-11-01,0.14,2
"1680",2010-12-01,0.14,2
"1681",2011-01-01,0.15,2
"1682",2011-02-01,0.13,2
"1683",2011-03-01,0.1,2
"1684",2011-04-01,0.06,2
"1685",2011-05-01,0.04,2
"1686",2011-06-01,0.04,2
"1687",2011-07-01,0.04,2
"1688",2011-08-01,0.02,2
"1689",2011-09-01,0.01,2
"1690",2011-10-01,0.02,2
"1691",2011-11-01,0.01,2
"1692",2011-12-01,0.01,2
"1693",2012-01-01,0.03,2
"1694",2012-02-01,0.09,2
"1695",2012-03-01,0.08,2
"1696",2012-04-01,0.08,2
"1697",2012-05-01,0.09,2
"1698",2012-06-01,0.09,2
"1699",2012-07-01,0.1,2
"1700",2012-08-01,0.1,2
"1701",2012-09-01,0.11,2
"1702",2012-10-01,0.1,2
"1703",2012-11-01,0.09,2
"1704",2012-12-01,0.07,2
"1705",2013-01-01,0.07,2
"1706",2013-02-01,0.1,2
"1707",2013-03-01,0.09,2
"1708",2013-04-01,0.06,2
"1709",2013-05-01,0.04,2
"1710",2013-06-01,0.05,2
"1711",2013-07-01,0.04,2
"1712",2013-08-01,0.04,2
"1713",2013-09-01,0.02,2
"1714",2013-10-01,0.05,2
"1715",2013-11-01,0.07,2
"1716",2013-12-01,0.07,2
"1717",2014-01-01,0.04,2
"1718",2014-02-01,0.05,2
"1719",2014-03-01,0.05,2
"1720",2014-04-01,0.03,2
"1721",2014-05-01,0.03,2
"1722",2014-06-01,0.04,2
"1723",2014-07-01,0.03,2
"1724",2014-08-01,0.03,2
"1725",2014-09-01,0.02,2
"1726",2014-10-01,0.02,2
"1727",2014-11-01,0.02,2
"1728",2014-12-01,0.03,2
"1729",2015-01-01,0.03,2
"1730",2015-02-01,0.02,2
"1731",2015-03-01,0.03,2
"1732",2015-04-01,0.02,2
"1733",2015-05-01,0.02,2
"1734",2015-06-01,0.02,2
"1735",2015-07-01,0.03,2
"1736",2015-08-01,0.07,2
"1737",2015-09-01,0.02,2
"1738",2015-10-01,0.02,2
"1739",2015-11-01,0.12,2
"1740",2015-12-01,0.23,2
"1741",2016-01-01,0.26,2
"1742",2016-02-01,0.31,2
"1743",2016-03-01,0.29,2
"1744",2016-04-01,0.23,2
"1745",2016-05-01,0.27,2
"1746",2016-06-01,0.27,2
"1747",2016-07-01,0.3,2
"1748",2016-08-01,0.3,2
"1749",2016-09-01,0.29,2
"1750",2016-10-01,0.33,2
"1751",2016-11-01,0.45,2
"1752",2016-12-01,0.51,2
"1753",2017-01-01,0.51,2
"1754",2017-02-01,0.52,2
"1755",2017-03-01,0.74,2
"1756",2017-04-01,0.8,2
"1757",2017-05-01,0.89,2
"1758",2017-06-01,0.98,2
"1759",2017-07-01,1.07,2
"1760",2017-08-01,1.01,2
"1761",2017-09-01,1.03,2
"1762",2017-10-01,1.07,2
"1763",2017-11-01,1.23,2
"1764",2017-12-01,1.32,2
"1765",2018-01-01,1.41,2
"1766",2018-02-01,1.57,2
"1767",2018-03-01,1.7,2
"1768",2018-04-01,1.76,2
"1769",2018-05-01,1.86,2
"1770",2018-06-01,1.9,2
"1771",2018-07-01,1.96,2
"1772",2018-08-01,2.03,2
"1773",2018-09-01,2.13,2
"1774",2018-10-01,2.25,2
"1775",2018-11-01,2.33,2
"1776",2018-12-01,2.37,2
"1777",2019-01-01,2.37,2
"1778",2019-02-01,2.39,2
"1779",2019-03-01,2.4,2
"1780",2019-04-01,2.38,2
"1781",2019-05-01,2.35,2
"1782",2019-06-01,2.17,2
"1783",2019-07-01,2.1,2
"1784",2019-08-01,1.95,2
"1785",2019-09-01,1.89,2
"1786",2019-10-01,1.65,2
"1787",2019-11-01,1.54,2
"1788",2019-12-01,1.54,2
"1789",2020-01-01,1.52,2
"1790",2020-02-01,1.52,2
"1791",2020-03-01,0.29,2
"1792",2020-04-01,0.14,2
"1793",2020-05-01,0.13,2
"1794",2020-06-01,0.16,2
"1795",2020-07-01,0.13,2
"1796",2020-08-01,0.1,2
"1797",2020-09-01,0.11,2
"1798",2020-10-01,0.1,2
"1799",2020-11-01,0.09,2
"1800",2020-12-01,0.09,2
"1801",2021-01-01,0.08,2
"1802",2021-02-01,0.04,2
"1803",2021-03-01,0.03,2
"1804",2021-04-01,0.02,2
"1805",2021-05-01,0.02,2
"1806",2021-06-01,0.04,2
"1807",2021-07-01,0.05,2
"1808",2021-08-01,0.05,2
"1809",2021-09-01,0.04,2
"1810",2021-10-01,0.05,2
"1811",2021-11-01,0.05,2
"1812",2021-12-01,0.06,2
"1813",2022-01-01,0.15,2
"1814",2022-02-01,0.33,2
"1815",2022-03-01,0.44,2
"1816",2022-04-01,0.76,2
"1817",2022-05-01,0.98,2
"1818",2022-06-01,1.49,2
"1819",2022-07-01,2.23,2
"1820",2022-08-01,2.63,2
"1821",2022-09-01,3.13,2
"1822",2022-10-01,3.72,2
"1823",2022-11-01,4.15,2
"1824",2022-12-01,4.25,2
"1825",2023-01-01,4.54,2
"1826",2023-02-01,4.65,2
